,I-1,Median,I-1
0,0.9649122953414917,0.9649122953414917,1.0
