,I-1,Median,I-1,I-1,I-1,I-1,I-1
0,0.9649122953414917,0.9650349617004395,1.0,0.9649122953414917,0.9650349617004395,0.9766082167625427,0.9800000190734863
